SITENAME,COMPLEX,REGION,REGNO,RCA,ROOKERY,LATITUDE,LONGITUDE
ANO NUEVO,,CALIF,1,,1,37.108370,-122.336850
BODEGA ROCK,,CALIF,1,,0,38.298333,-123.048333
CAPE MENDOCINO,,CALIF,1,,1,40.441667,-124.413333
CAPE SAN MARTIN,,CALIF,1,,0,35.890000,-121.468333
CUFFEYS POINT,,CALIF,1,,0,39.140000,-123.741667
FALSE CAPE ROCKS,,CALIF,1,,0,40.509500,-124.396167
FALSE KLAMATH ROCK,,CALIF,1,,0,41.578800,-124.123000
FARALLON ISLANDS/MIDDLE,,CALIF,1,,0,37.720000,-123.040000
FARALLON ISLANDS/NORTH,,CALIF,1,,0,37.770000,-123.100000
FARALLON ISLANDSSOUTHEAST,,CALIF,1,,1,37.698890,-123.002640
FISH ROCK,,CALIF,1,,0,38.800000,-123.592000
HIGH TIP,,CALIF,1,,0,39.923833,-123.955833
LION ROCK,,CALIF,1,,0,35.216980,-120.872260
LOBOS ROCKS,,CALIF,1,,0,36.456667,-121.936667
MONTEREY BREAKWATER,,CALIF,1,,0,36.608520,-121.889900
NORTHWEST CAPE,NORTHWEST CAPE,CALIF,1,,0,38.511500,-123.258700
NORTHWEST CAPE/N,NORTHWEST CAPE,CALIF,1,,0,38.565000,-123.333333
NORTHWEST CAPE/S,NORTHWEST CAPE,CALIF,1,,0,38.472000,-123.167667
PALMERS POINT,,CALIF,1,,0,41.125300,-124.165000
PECHO ROCK,,CALIF,1,,0,35.179290,-120.816770
PIER 39/SAN FRANCISCO,,CALIF,1,,0,37.813333,-122.410000
PILLAR POINT,,CALIF,1,,0,37.492833,-122.499833
POINT CABRILLO,,CALIF,1,,0,39.365000,-123.825000
POINT NO PASS,,CALIF,1,,0,39.971667,-123.991667
POINT PIEDRAS BLANCAS,,CALIF,1,,0,35.664870,-121.288720
POINT REYES,,CALIF,1,,0,37.995167,-123.011333
POINT SAL,,CALIF,1,,0,34.899040,-120.666090
PUNTA GORDA,,CALIF,1,,0,40.266000,-124.368833
READING ROCK,,CALIF,1,,0,41.340100,-124.178400
SCOTTY POINT,,CALIF,1,,0,41.108700,-124.184900
SEA LION ROCK/PUNTA GORDA,,CALIF,1,,0,40.309500,-124.353200
SEA LION ROCKS,,CALIF,1,,0,39.763333,-123.838333
SEA LION ROCKS (CARMEL),,CALIF,1,,0,36.518333,-121.958333
SEAL ROCK (SANTA CRUZ),,CALIF,1,,0,36.950260,-122.026760
SEAL ROCKS,,CALIF,1,,0,37.780333,-122.517333
SHUBRICK ROCK,,CALIF,1,,0,40.110500,-124.135200
ST. GEORGE REEF,,CALIF,1,,1,41.837000,-124.375000
TRINIDAD HEAD,,CALIF,1,,0,41.055333,-124.160000
TURTLE ROCKS,,CALIF,1,,0,41.132833,-124.184667
VENTURA ROCKS,,CALIF,1,,0,36.343333,-121.906667
WHITE ROCK,,CALIF,1,,0,35.532910,-121.088460
BLANCO REEF,,OREGON,2,,0,42.833333,-124.584500
CAPE ARAGO,,OREGON,2,,0,43.310000,-124.400000
CASCADE HEAD,,OREGON,2,,0,45.070000,-124.020000
COLUMBIA RIV. S. JETTY,,OREGON,2,,0,46.230000,-124.070000
CROOK POINT,,OREGON,2,,0,42.235000,-124.414000
ECOLA POINT/SL ROCKS,,OREGON,2,,0,45.910000,-123.970000
HUBBARD MOUNT,,OREGON,2,,0,42.477900,-124.440400
ORFORD REEF,,OREGON,2,,1,42.791400,-124.606100
ROGUE REEF,,OREGON,2,,1,42.463000,-124.499300
SEA LION CAVES,,OREGON,2,,0,44.130000,-124.130000
SEAL ROCK,,OREGON,2,,0,44.510000,-124.090000
THREE ARCH ROCK/SEAL ROCK,,OREGON,2,,0,45.460000,-123.980000
TOWER ROCK,,OREGON,2,,0,42.873833,-124.547500
BIRD ROCKS,,WASH,3,,0,48.490000,-122.760000
CAPE ALAVA,,WASH,3,,0,48.170000,-124.730000
CARROLL ISLAND,,WASH,3,,0,48.000000,-124.720000
EVERETT LOGS,,WASH,3,,0,47.990000,-122.220000
FOX ISLAND,,WASH,3,,0,47.230000,-122.640000
SHILSHOLE BAY,,WASH,3,,0,47.690000,-122.410000
SUCIA ISLAND,,WASH,3,,0,48.770000,-122.900000
TATOOSH ISLAND,,WASH,3,,0,48.390000,-124.740000
TOLIVA SHOALS,,WASH,3,,0,47.200000,-122.600000
WHALE ROCK,,WASH,3,,0,48.440000,-122.940000
WILLOUGHBY ROCK,,WASH,3,,0,47.410000,-124.350000
AKWE,,SE AK,5,11,0,59.277000,-139.030000
ALSEK,,SE AK,5,11,0,59.129000,-138.626000
BENJAMIN,,SE AK,5,11,0,58.562000,-134.913000
BERNERS BAY,,SE AK,5,11,0,58.753991,-135.017931
BIALI ROCK,,SE AK,5,11,1,56.712000,-135.342000
BLACK ROCK,,SE AK,5,11,0,58.325000,-136.613000
CAPE ADDINGTON,,SE AK,5,11,0,55.438000,-133.822000
CAPE BARTOLOME,,SE AK,5,11,0,55.230000,-133.617000
CAPE BINGHAM,,SE AK,5,11,0,58.093000,-136.542000
CAPE CROSS,,SE AK,5,11,0,57.912000,-136.568000
CAPE FAIRWEATHER,,SE AK,5,11,0,58.792000,-137.938000
CAPE OMMANEY,CAPE OMMANEY,SE AK,5,11,0,56.172000,-134.710000
CAPE OMMANEY/S,CAPE OMMANEY,SE AK,5,11,0,56.162000,-134.670000
CASE (TLINGIT) POINT,,SE AK,5,11,0,58.753000,-136.248000
CIRCLE POINT,,SE AK,5,11,0,58.125000,-134.080000
CORONATION,,SE AK,5,11,0,55.928000,-134.283000
DOROTHY,,SE AK,5,11,0,58.237000,-134.057000
EASTERLY,,SE AK,5,11,0,55.895000,-132.088000
ELDRED ROCK,,SE AK,5,11,0,58.972000,-135.222000
EMMONS,,SE AK,5,11,0,57.607000,-135.523000
ETOLIN,,SE AK,5,11,0,56.337000,-132.532000
FALSE POINT PYBUS,,SE AK,5,11,0,57.367000,-133.860000
FORRESTER/C HORN RK,FORRESTER COMPLEX,SE AK,5,11,1,54.847000,-133.550000
FORRESTER/EAST RK,FORRESTER COMPLEX,SE AK,5,11,1,54.850000,-133.530000
FORRESTER/FORRESTER ISLAND,FORRESTER COMPLEX,SE AK,5,11,1,54.838000,-133.527000
FORRESTER/LOWRIE,FORRESTER COMPLEX,SE AK,5,11,1,54.862000,-133.537000
FORRESTER/NORTH RK,FORRESTER COMPLEX,SE AK,5,11,1,54.873000,-133.562000
FORRESTER/SEA LION RK,FORRESTER COMPLEX,SE AK,5,11,1,54.843000,-133.535000
FUNTER BAY,,SE AK,5,11,0,58.215493,-134.913371
GAFF ROCK,,SE AK,5,11,0,58.193000,-136.419000
GLOOMY KNOB,,SE AK,5,11,0,58.826093,-136.464292
GRAN (LEDGE) POINT,,SE AK,5,11,0,59.133000,-135.240000
GRAVES ROCK,,SE AK,5,11,1,58.238000,-136.757000
GRINDALL,,SE AK,5,11,0,55.440000,-132.108000
HARBOR POINT,,SE AK,5,11,0,58.605000,-137.637000
HAZY,,SE AK,5,11,1,55.867000,-134.567000
HORN CLIFF,,SE AK,5,11,0,56.845000,-132.787000
INIAN,,SE AK,5,11,0,58.272000,-136.400000
JACOB ROCK,,SE AK,5,11,0,56.788000,-135.497000
KAIUCHALI (BIORKA),,SE AK,5,11,0,56.833000,-135.563000
LARCH BAY,,SE AK,5,11,0,56.210000,-134.737000
LISENOI,,SE AK,5,11,0,56.497922,-132.480062
LITTLE ISLAND,,SE AK,5,11,0,58.530000,-135.050000
MET POINT,,SE AK,5,11,0,58.933000,-135.167000
MIDDLE PASS ROCK,,SE AK,5,11,0,58.251000,-136.388000
MIST,,SE AK,5,11,0,57.988000,-133.845000
NOSE POINT,,SE AK,5,11,0,55.804890,-131.707700
PATTERSON POINT,,SE AK,5,11,0,56.540000,-134.637000
PINTA ROCKS,,SE AK,5,11,0,57.087000,-134.012000
POINT CAROLUS,,SE AK,5,11,0,58.367000,-136.033000
POINT ISLET (POINT ROCK),,SE AK,5,11,0,55.153000,-132.638000
POINT LEAGUE (STEVENS PASSAGE),,SE AK,5,11,0,57.607000,-133.642000
POINT LULL,,SE AK,5,11,0,57.310000,-134.807000
POINT MARSDEN,,SE AK,5,11,0,58.050000,-134.808000
POINT MARSH,,SE AK,5,11,0,54.710000,-132.285000
ROCKY ISLAND,,SE AK,5,11,0,58.178000,-135.051000
ROUND ROCK,,SE AK,5,11,0,57.259506,-133.936457
SAIL,,SE AK,5,11,0,57.352000,-133.722000
SAKIE POINT,,SE AK,5,11,0,55.055000,-133.237000
SEA LION ISLANDS,,SE AK,5,11,0,57.283000,-135.883000
SEA LION ROCK (PUFFIN BAY),,SE AK,5,11,0,56.252000,-134.832000
SITKAGI BLUFFS,,SE AK,5,11,0,59.708000,-140.650000
SITUK,,SE AK,5,11,0,59.424000,-139.537000
SOUTH MARBLE,,SE AK,5,11,0,58.645000,-136.047000
ST. LAZARIA,,SE AK,5,11,0,56.987000,-135.705000
SUKOI ISLETS,,SE AK,5,11,0,56.891940,-132.923060
SUNSET,,SE AK,5,11,0,57.500000,-133.588000
SUNSET POINT,,SE AK,5,11,0,57.490509,-133.527154
TARR INLET,,SE AK,5,11,0,58.939873,-136.918448
TENAKEE CANNERY POINT,,SE AK,5,11,0,57.775000,-135.072000
THE BROTHERS/SW,,SE AK,5,11,0,57.272000,-133.873000
THE BROTHERS/W+E,,SE AK,5,11,0,57.300000,-133.833000
THE SISTERS,,SE AK,5,11,0,58.172000,-135.257000
TIMBERED,,SE AK,5,11,0,55.697000,-133.795000
TURNABOUT,,SE AK,5,11,0,57.130000,-133.972000
VENISA,,SE AK,5,11,0,58.312000,-136.850000
WALTER (PORT HOUGHTON),,SE AK,5,11,0,57.310292,-133.291598
WEST ROCK,,SE AK,5,11,0,54.813000,-131.495000
WHITE SISTERS,,SE AK,5,11,1,57.635000,-136.257000
WOLF ROCK,,SE AK,5,11,0,55.020000,-133.487000
YASHA,,SE AK,5,11,0,56.963000,-134.558000
AIALIK CAPE,AIALIK CAPE,E GULF,6,10,0,59.705000,-149.524000
CAPE FAIRFIELD,,E GULF,6,10,0,59.923000,-148.837000
CAPE HINCHINBROOK,,E GULF,6,10,0,60.233000,-146.642000
CAPE JUNKEN,,E GULF,6,10,0,59.913000,-148.643000
CAPE PUGET,,E GULF,6,10,0,59.942000,-148.450000
CAPE RESURRECTION,,E GULF,6,10,0,59.860600,-149.282400
CAPE ST. ELIAS,,E GULF,6,10,0,59.789000,-144.603000
CHISWELL ISLANDS,CHISWELL ISLANDS,E GULF,6,10,1,59.602000,-149.571000
DANGER,,E GULF,6,10,0,59.918000,-148.097000
DUTCH GROUP,,E GULF,6,10,0,60.759444,-147.807222
GLACIER,,E GULF,6,10,0,60.853000,-147.153000
GRANITE CAPE,,E GULF,6,10,0,59.608000,-149.760000
HOOK POINT,,E GULF,6,10,0,60.331000,-146.260000
MIDDLETON,,E GULF,6,10,0,59.472000,-146.313000
NATOA (GROTTO),CHISWELL ISLANDS,E GULF,6,10,0,59.632000,-149.600000
NO NAME,AIALIK CAPE,E GULF,6,10,0,59.720000,-149.511000
PERRY,,E GULF,6,10,0,60.735000,-147.905000
PLEIADES,,E GULF,6,10,0,60.242000,-148.008000
POINT ELEANOR,,E GULF,6,10,0,60.583000,-147.567000
POINT ELRINGTON,,E GULF,6,10,0,59.934000,-148.248000
POINT LaTOUCHE,,E GULF,6,10,0,59.940000,-148.050000
PROCESSION ROCKS,,E GULF,6,10,0,60.006000,-148.290000
RABBIT,,E GULF,6,10,0,59.363000,-150.380000
RAGGED/HOOF POINT,STEEP POINT,E GULF,6,10,0,59.417000,-150.297000
RUGGED,,E GULF,6,10,0,59.833000,-149.385000
SEAL ROCKS,,E GULF,6,10,1,60.163000,-146.836000
SEAL ROCKS (KENAI),,E GULF,6,10,0,59.520000,-149.625000
STEEP POINT,STEEP POINT,E GULF,6,10,0,59.484000,-150.257000
THE NEEDLE,,E GULF,6,10,0,60.110000,-147.602000
WOODED (FISH),,E GULF,6,10,1,59.882000,-147.346000
AFOGNAK/TONKI CAPE,,C GULF,7,9,0,58.352000,-151.987000
AGHIYUK,,C GULF,7,8,0,56.157000,-156.808000
AIUGNAK COLUMNS,,C GULF,7,8,0,56.879000,-156.568000
CAPE DOUGLAS,,C GULF,7,9,0,58.858000,-153.233000
CAPE GULL,,C GULF,7,8,0,58.192000,-154.160000
CAPE KULIAK,,C GULF,7,8,0,58.133000,-154.208000
CAPE NUKSHAK,,C GULF,7,9,0,58.392000,-153.982000
CAPE UGYAK,,C GULF,7,8,0,58.283000,-154.100000
CHIRIKOF,,C GULF,7,8,1,55.774000,-155.724000
CHOWIET,,C GULF,7,8,1,56.001000,-156.687000
EAST CHUGACH,,C GULF,7,10,0,59.105000,-151.443000
ELIZABETH/CAPE ELIZABETH,,C GULF,7,10,0,59.156000,-151.885000
FLAT,,C GULF,7,10,0,59.332000,-151.994000
GORE POINT,,C GULF,7,10,0,59.200000,-150.967000
KILOKAK ROCKS,,C GULF,7,8,0,57.156000,-156.275000
KODIAK/BIRD ROCK,,C GULF,7,9,0,57.692000,-153.910000
KODIAK/CAPE ALITAK,,C GULF,7,8,0,56.842000,-154.312000
KODIAK/CAPE BARNABAS,,C GULF,7,9,0,57.167000,-152.877000
KODIAK/CAPE CHINIAK,,C GULF,7,9,0,57.635000,-152.138000
KODIAK/CAPE IKOLIK,,C GULF,7,8,0,57.286000,-154.793000
KODIAK/CAPE KULIUK,,C GULF,7,9,0,57.808000,-153.933000
KODIAK/CAPE PARAMANOF,,C GULF,7,9,0,58.305000,-153.047000
KODIAK/CAPE UGAT,,C GULF,7,9,0,57.873000,-153.851000
KODIAK/CAPE UYAK,,C GULF,7,8,0,57.633000,-154.350000
KODIAK/GULL POINT,,C GULF,7,9,0,57.358000,-152.603000
KODIAK/MALINA POINT,,C GULF,7,9,0,58.033000,-153.367000
KODIAK/STEEP CAPE,,C GULF,7,9,0,58.211000,-153.190000
KODIAK/STURGEON HEAD,,C GULF,7,8,0,57.517000,-154.617000
KODIAK/SUNDSTROM,,C GULF,7,8,0,56.683000,-154.150000
KODIAK/TOMBSTONE ROCKS,,C GULF,7,8,0,57.353000,-154.819000
LATAX ROCKS,,C GULF,7,9,0,58.669000,-152.521000
LONG ISLAND,,C GULF,7,9,0,57.780000,-152.215000
MARMOT,,C GULF,7,9,1,58.169000,-151.854000
NAGAHUT ROCKS,,C GULF,7,10,0,59.100000,-151.772000
NAGAI ROCKS,,C GULF,7,8,0,55.830000,-155.790000
NOISY,,C GULF,7,9,0,57.933000,-153.558000
NUKA POINT,,C GULF,7,10,0,59.300000,-150.717000
OUTER (PYE),,C GULF,7,10,1,59.346000,-150.407000
PERL,,C GULF,7,10,0,59.095000,-151.660000
PERL ROCKS,,C GULF,7,10,0,59.090000,-151.693000
PUALE BAY,,C GULF,7,8,0,57.677000,-155.385000
SEA LION ROCKS (MARMOT),,C GULF,7,9,0,58.342000,-151.814000
SEA OTTER,SEA OTTER,C GULF,7,9,0,58.520000,-152.223000
SEA OTTER/RK NEAR,SEA OTTER,C GULF,7,9,0,58.508000,-152.200000
SHAKUN ROCKS,,C GULF,7,9,0,58.547000,-153.692000
SHAW,,C GULF,7,9,0,59.000000,-153.375000
SITKINAK/CAPE SITKINAK,,C GULF,7,9,0,56.571000,-153.852000
SUD,,C GULF,7,9,0,58.900000,-152.208000
SUGARLOAF,,C GULF,7,9,1,58.888000,-152.040000
SUTWIK,,C GULF,7,8,0,56.518000,-157.341000
TAKLI,,C GULF,7,8,0,58.029000,-154.521000
TWOHEADED,,C GULF,7,9,1,56.903300,-153.554400
UGAIUSHAK,,C GULF,7,8,0,56.754000,-156.854000
UGAK,,C GULF,7,9,0,57.393000,-152.292000
USHAGAT/NW,USHAGAT,C GULF,7,9,0,58.967000,-152.317000
USHAGAT/ROCKS SOUTH,USHAGAT,C GULF,7,9,0,58.882000,-152.318000
USHAGAT/SW,USHAGAT,C GULF,7,9,1,58.912000,-152.369000
WEST AMATULI,,C GULF,7,9,0,58.950000,-152.017000
ATKINS,,W GULF,8,7,1,55.055000,-159.293000
ATKULIK,,W GULF,8,8,0,56.282000,-157.733000
BIG KONIUJI,,W GULF,8,7,0,55.250000,-159.533000
BIRD,,W GULF,8,7,0,54.666000,-163.285000
BIRD (SHUMAGINS),,W GULF,8,8,0,54.814300,-159.821400
CASTLE ROCK,,W GULF,8,7,0,55.276000,-159.493000
CATON,,W GULF,8,7,0,54.387000,-162.341000
CHANKLIUT,,W GULF,8,8,0,56.133000,-158.117000
CHERNABURA,,W GULF,8,7,1,54.757000,-159.600000
CHERNI,,W GULF,8,7,0,54.633000,-162.367000
CLUBBING ROCKS NORTH,CLUBBING ROCKS,W GULF,8,7,1,54.713000,-162.445000
CLUBBING ROCKS SOUTH,CLUBBING ROCKS,W GULF,8,7,1,54.700000,-162.445000
EGG (SAND POINT),,W GULF,8,7,0,55.277000,-160.517000
HAGUE ROCK,,W GULF,8,7,0,54.556000,-162.401000
HUNT,,W GULF,8,7,0,54.757000,-162.248000
JUDE,,W GULF,8,7,1,55.262000,-161.104000
KAK,,W GULF,8,8,0,56.288000,-157.835000
KUPREANOF POINT,,W GULF,8,7,0,55.564600,-159.603000
LIGHTHOUSE ROCKS,,W GULF,8,8,1,55.778000,-157.408000
MITROFANIA,,W GULF,8,8,0,55.842000,-158.703000
NAGAI/MOUNTAIN POINT,,W GULF,8,7,0,54.915000,-160.254200
NAGAI/RK W OF CAPE WEDGE,,W GULF,8,7,0,55.242000,-159.958000
OLGA ROCKS NE,OLGA ROCKS,W GULF,8,7,0,55.008000,-161.497000
OLGA ROCKS SW,OLGA ROCKS,W GULF,8,7,0,54.985000,-161.515000
OMEGA,,W GULF,8,7,0,55.242000,-161.242000
PAUL,,W GULF,8,7,0,55.758000,-159.300000
PINNACLE ROCK,,W GULF,8,7,1,54.772000,-161.764000
SANAK,,W GULF,8,7,0,54.383000,-162.583000
SEA LION ROCKS (SHUMAGINS),,W GULF,8,7,0,55.077000,-160.520000
SEAL CAPE,,W GULF,8,8,0,55.997000,-158.422000
SIMEONOF,,W GULF,8,7,0,54.861700,-159.253900
SOUTH ROCKS,,W GULF,8,7,1,54.302000,-162.689000
SOZAVARIKA,,W GULF,8,7,0,54.857000,-162.523000
SPITZ,,W GULF,8,8,0,55.777000,-158.898000
SUSHILNOI ROCKS,,W GULF,8,7,0,54.834000,-161.741000
THE HAYSTACKS,,W GULF,8,7,0,55.267800,-160.057300
THE WHALEBACK,,W GULF,8,7,1,55.280000,-160.084000
TWINS,,W GULF,8,7,0,54.960000,-159.876000
UMGA,,W GULF,8,7,0,54.800000,-162.725000
UNGA/ACHEREDIN POINT,,W GULF,8,7,0,55.121000,-160.818000
UNGA/CAPE UNGA,,W GULF,8,7,0,55.127000,-160.535000
WOSNESENSKI,,W GULF,8,7,0,55.167000,-161.417000
ADUGAK,,E ALEU,9,6,1,52.912000,-169.175000
AIKTAK/S,AIKTAK,E ALEU,9,6,0,54.180000,-164.829000
AKUN/AKUN BAY,,E ALEU,9,6,0,54.214000,-165.405000
AKUN/AKUN HEAD,,E ALEU,9,6,0,54.297000,-165.633000
AKUN/BILLINGS HEAD,,E ALEU,9,6,1,54.294000,-165.534000
AKUN/JACKASS POINT,,E ALEU,9,6,0,54.107000,-165.560000
AKUTAN/BATTERY POINT,,E ALEU,9,6,0,54.035000,-165.892000
AKUTAN/CAPE MORGAN,,E ALEU,9,6,1,54.056000,-166.002000
AKUTAN/NORTH HEAD,,E ALEU,9,6,0,54.225000,-165.938000
AKUTAN/REEF-LAVA,,E ALEU,9,6,0,54.135000,-166.103000
AMAK+ROCKS,AMAK,E ALEU,9,6,0,55.429000,-163.172000
AVATANAK/NE,AVATANAK,E ALEU,9,6,0,54.092000,-165.270000
AVATANAK/S,AVATANAK,E ALEU,9,6,0,54.038000,-165.299000
AVATANAK/SE,AVATANAK,E ALEU,9,6,0,54.064800,-165.228300
BABY,,E ALEU,9,6,0,53.992000,-166.067000
BASALT ROCK,,E ALEU,9,6,0,54.108000,-165.376000
BOGOSLOF/FIRE ISLAND,BOGOSLOF,E ALEU,9,6,1,53.928000,-168.034000
EGG,EGG,E ALEU,9,6,0,53.867000,-166.042000
EGG/SE Tip,EGG,E ALEU,9,6,0,53.858000,-166.042000
EGG/West,EGG,E ALEU,9,6,0,53.861000,-166.062000
EMERALD,,E ALEU,9,6,0,53.292000,-167.858000
INNER SIGNAL,,E ALEU,9,6,0,53.788000,-166.091000
KALIGAGAN,,E ALEU,9,6,0,54.142000,-164.908000
OGCHUL,,E ALEU,9,6,1,52.995000,-168.404000
OLD MAN ROCKS,,E ALEU,9,6,0,53.870000,-166.082000
OUTER SIGNAL,,E ALEU,9,6,0,53.804000,-166.049000
POLIVNOI ROCK,,E ALEU,9,6,0,53.266000,-167.967000
ROCK,,E ALEU,9,7,0,54.613000,-163.632000
ROOTOK/EAST,ROOTOK,E ALEU,9,6,0,54.048000,-165.492000
ROOTOK/NORTH,ROOTOK,E ALEU,9,6,0,54.065000,-165.532000
SAMALGA,,E ALEU,9,6,0,52.767000,-169.250000
SEA LION ROCK (AMAK),,E ALEU,9,6,1,55.464000,-163.202000
TANGINAK,,E ALEU,9,6,0,54.200000,-165.323000
THE PILLARS,,E ALEU,9,6,0,53.190000,-168.240000
TIGALDA/ROCKS NE,TIGALDA,E ALEU,9,6,0,54.160000,-164.983000
TIGALDA/SOUTH SIDE,TIGALDA,E ALEU,9,6,0,54.063000,-165.090000
UGAMAK/NORTH,UGAMAK,E ALEU,9,6,1,54.226000,-164.776000
UGAMAK/ROUND,UGAMAK,E ALEU,9,6,1,54.201000,-164.778000
UGAMAK/SW,UGAMAK,E ALEU,9,6,0,54.189000,-164.867000
UGAMAK/UGAMAK BAY,UGAMAK,E ALEU,9,6,1,54.209000,-164.774000
UMNAK/AGULIUK POINT,,E ALEU,9,6,0,53.483000,-168.333000
UMNAK/CAPE ASLIK,,E ALEU,9,6,0,53.417000,-168.408000
UMNAK/CAPE CHAGAK,,E ALEU,9,6,0,53.533000,-168.233000
UMNAK/CAPE IDAK,,E ALEU,9,6,0,53.517000,-167.800000
UMNAK/CAPE UDAK,,E ALEU,9,6,0,52.903082,-168.774829
UMNAK/REINDEER POINT,,E ALEU,9,6,0,53.550000,-168.150000
UNALASKA/BISHOP POINT,,E ALEU,9,6,0,53.973000,-166.958000
UNALASKA/BRUNDAGE HEAD,,E ALEU,9,6,0,53.933000,-166.202000
UNALASKA/CAPE IZIGAN,,E ALEU,9,6,0,53.228000,-167.654000
UNALASKA/CAPE SEDANKA,,E ALEU,9,6,0,53.842000,-166.083000
UNALASKA/CAPE STARICHKOF,,E ALEU,9,6,0,53.692000,-167.073000
UNALASKA/CAPE WISLOW,,E ALEU,9,6,0,54.017000,-166.750000
UNALASKA/KOVRIZHKA,,E ALEU,9,6,0,53.847000,-167.167000
UNALASKA/MAKUSHIN BAY,UNALASKA/MAKUSHIN BAY,E ALEU,9,6,0,53.714000,-167.016000
UNALASKA/PRIEST ROCK,,E ALEU,9,6,0,54.008000,-166.377000
UNALASKA/SPRAY CAPE,,E ALEU,9,6,0,53.617000,-167.158000
UNALASKA/W OF MAKUSHIN BAY,UNALASKA/MAKUSHIN BAY,E ALEU,9,6,0,53.782000,-167.072000
UNALASKA/WHALEBONE CAPE,,E ALEU,9,6,0,53.483000,-166.667000
UNIMAK/CAPE LAZAREF,,E ALEU,9,6,0,54.608000,-163.588000
UNIMAK/CAPE LUTKE,,E ALEU,9,6,0,54.473000,-164.345000
UNIMAK/CAPE SARICHEF,UNIMAK/CAPE SARICHEF,E ALEU,9,6,0,54.572000,-164.947000
UNIMAK/CAPE SARICHEF N,UNIMAK/CAPE SARICHEF,E ALEU,9,6,0,54.594000,-164.933000
UNIMAK/CAVE POINT,,E ALEU,9,6,0,54.785000,-164.623000
UNIMAK/OKSENOF POINT,UNIMAK/OKSENOF POINT,E ALEU,9,6,0,54.888000,-164.558000
UNIMAK/S OF OKSENOF POINT,UNIMAK/OKSENOF POINT,E ALEU,9,6,0,54.869000,-164.561000
UNIMAK/SCOTCH CAP,,E ALEU,9,6,0,54.397000,-164.763000
UNIMAK/SENNETT POINT,,E ALEU,9,6,0,54.483000,-164.920000
VSEVIDOF,,E ALEU,9,6,0,52.979000,-168.445000
ADAK/ARGONNE POINT,,C ALEU,10,4,0,51.828000,-176.907000
ADAK/CAPE KAGIGIKAK,,C ALEU,10,4,0,51.629000,-176.723100
ADAK/CAPE MOFFET,,C ALEU,10,4,0,51.972000,-176.722000
ADAK/CAPE YAKAK,ADAK,C ALEU,10,4,0,51.590000,-176.948000
ADAK/CRONE ISLAND,,C ALEU,10,4,0,51.676000,-176.613000
ADAK/HEAD ROCK,,C ALEU,10,4,0,51.925000,-176.527000
ADAK/LAKE POINT,ADAK,C ALEU,10,4,1,51.625000,-176.992000
AGLIGADAK,,C ALEU,10,5,0,52.102000,-172.903000
AMATIGNAK/KNOB POINT,AMATIGNAK,C ALEU,10,3,0,51.250000,-179.067000
AMATIGNAK/NITROF POINT,AMATIGNAK,C ALEU,10,3,0,51.216000,-179.128000
AMATIGNAK/WEST,,C ALEU,10,3,0,51.278000,-179.144000
AMCHITKA/BIRD,,C ALEU,10,2,0,51.663000,178.628000
AMCHITKA/CAPE IVAKIN,,C ALEU,10,2,0,51.408000,179.404000
AMCHITKA/CHITKA POINT,,C ALEU,10,2,0,51.590000,179.008000
AMCHITKA/COLUMN ROCK,,C ALEU,10,2,1,51.539000,178.821000
AMCHITKA/EAST CAPE,,C ALEU,10,2,0,51.371000,179.466000
AMCHITKA/OMEGA POINT,,C ALEU,10,2,0,51.357000,179.387000
AMCHITKA/ST. MAKARIUS,,C ALEU,10,2,0,51.350000,179.233000
AMLIA/CAPE MISTY,,C ALEU,10,5,0,52.041000,-173.838000
AMLIA/EAST CAPE,,C ALEU,10,5,0,52.095000,-172.964000
AMLIA/SVIECH. HARBOR,,C ALEU,10,5,0,52.031000,-173.398000
AMTAGIS,,C ALEU,10,4,0,52.017000,-174.433000
AMUKTA+ROCKS,,C ALEU,10,5,0,52.449000,-171.306000
ANAGAKSIK,,C ALEU,10,4,0,51.852000,-175.887000
ATKA/CAPE KOROVIN,,C ALEU,10,4,0,52.313000,-174.457000
ATKA/NORTH CAPE,ATKA/NORTH CAPE,C ALEU,10,4,0,52.401000,-174.277000
ATKA/SW OF NORTH CAPE,ATKA/NORTH CAPE,C ALEU,10,4,0,52.382000,-174.323000
AYUGADAK,,C ALEU,10,2,1,51.756000,178.405000
BOBROF,,C ALEU,10,3,0,51.897000,-177.460000
CARLISLE,,C ALEU,10,5,0,52.925000,-170.083000
CHAGULAK,,C ALEU,10,5,0,52.559000,-171.170000
CHUGINADAK,,C ALEU,10,6,0,52.778000,-169.698000
CHUGUL,,C ALEU,10,4,0,51.917000,-175.763000
FENIMORE,,C ALEU,10,4,0,51.979000,-175.545000
GARELOI,,C ALEU,10,3,0,51.745000,-178.768000
GRAMP ROCK,,C ALEU,10,3,1,51.480000,-178.343000
GREAT SITKIN,,C ALEU,10,4,0,52.100000,-176.175000
HAWADAX (RAT),,C ALEU,10,2,0,51.833000,178.206000
HERBERT,,C ALEU,10,5,0,52.715000,-170.080000
IGITKIN/SW POINT,,C ALEU,10,4,0,51.983000,-175.958000
IKIGINAK,,C ALEU,10,4,0,51.975000,-175.483000
ILAK,,C ALEU,10,3,0,51.479000,-178.315000
KAGALASKA,,C ALEU,10,4,0,51.871000,-176.310000
KAGAMIL,,C ALEU,10,6,0,53.035000,-169.683000
KANAGA/CAPE CHUNU,,C ALEU,10,3,0,51.658000,-177.642000
KANAGA/CAPE MIGA,KANAGA/CAPE MIGA,C ALEU,10,3,0,51.940000,-177.183000
KANAGA/N CAPE,,C ALEU,10,3,0,51.942000,-177.142000
KANAGA/S OF CAPE MIGA,KANAGA/CAPE MIGA,C ALEU,10,3,0,51.922000,-177.201000
KANAGA/SHIP ROCK,,C ALEU,10,3,1,51.778000,-177.345000
KASATOCHI/NORTH POINT,,C ALEU,10,4,1,52.185000,-175.516000
KAVALGA,,C ALEU,10,3,0,51.576000,-178.865000
KISKA/CAPE ST STEPHEN,,C ALEU,10,2,1,51.892000,177.200000
KISKA/GERTRUDE-BUKHTI,,C ALEU,10,2,0,51.907000,177.475000
KISKA/LIEF COVE,,C ALEU,10,2,1,51.953000,177.340000
KISKA/PILLAR ROCK,,C ALEU,10,2,0,52.120000,177.363000
KISKA/SIRIUS POINT,,C ALEU,10,2,0,52.142000,177.608000
KISKA/SOBAKA-VEGA,,C ALEU,10,2,0,51.825000,177.317000
KISKA/SOUTH HEAD,,C ALEU,10,2,0,51.952000,177.608000
KISKA/WITCHCRAFT POINT,,C ALEU,10,2,0,52.048000,177.493000
KISKA/WOLF POINT,,C ALEU,10,2,0,52.117000,177.558000
KONIUJI/NORTH POINT,,C ALEU,10,4,0,52.225000,-175.142000
LITTLE SITKIN,,C ALEU,10,2,0,51.988000,178.497000
LITTLE TANAGA STRAIT,,C ALEU,10,4,0,51.820000,-176.229000
OGLIUGA,,C ALEU,10,3,0,51.616000,-178.657000
OGLODAK,,C ALEU,10,4,0,51.977000,-175.457000
SAGCHUDAK,,C ALEU,10,4,0,52.012000,-174.485000
SAGIGIK,,C ALEU,10,5,0,52.008000,-173.156000
SALT,SALT,C ALEU,10,4,0,52.175000,-174.642000
SEA LION ROCK (KISKA),,C ALEU,10,2,0,51.880000,177.980000
SEGUAM/FINCH POINT,,C ALEU,10,5,0,52.390000,-172.462000
SEGUAM/LAVA COVE,,C ALEU,10,5,0,52.267000,-172.475000
SEGUAM/LAVA POINT,,C ALEU,10,5,0,52.275000,-172.400000
SEGUAM/MOUNDHILL POINT,,C ALEU,10,5,0,52.301300,-172.345700
SEGUAM/SADDLERIDGE,,C ALEU,10,5,1,52.348000,-172.568000
SEGUAM/SW RIP,,C ALEU,10,5,0,52.251000,-172.608000
SEGUAM/TURF POINT,,C ALEU,10,5,0,52.259000,-172.520000
SEGUAM/WHARF POINT,,C ALEU,10,5,0,52.359000,-172.316000
SEGULA/CHUGUL POINT,SEGULA,C ALEU,10,2,0,51.998000,178.097000
SEGULA/GULA POINT,SEGULA,C ALEU,10,2,0,52.051000,178.147000
SEMISOPOCHNOI/PETREL,,C ALEU,10,2,0,52.023000,179.615000
SEMISOPOCHNOI/POCHNOI,,C ALEU,10,2,0,51.955000,179.767000
SEMISOPOCHNOI/SW KNOB,,C ALEU,10,2,0,51.915000,179.509000
SEMISOPOCHNOI/TUMAN POINT,,C ALEU,10,2,0,51.963000,179.482000
SILAK,,C ALEU,10,4,0,51.815000,-176.246000
SKAGUL/S. POINT,,C ALEU,10,3,0,51.583000,-178.567000
TAG,,C ALEU,10,3,1,51.557000,-178.577000
TAGALAK,TAGALAK,C ALEU,10,4,0,51.960000,-175.616000
TAGALAK/PASS,TAGALAK,C ALEU,10,4,0,51.947600,-175.746500
TANADAK (AMLIA),,C ALEU,10,5,0,52.070000,-172.960000
TANADAK (KISKA),,C ALEU,10,2,0,51.947000,177.780000
TANAGA/BUMPY POINT,TANAGA,C ALEU,10,3,0,51.917000,-177.975000
TANAGA/CAPE SASMIK,TANAGA,C ALEU,10,3,0,51.597000,-177.938000
TANAGA/CAPE SUDAK,TANAGA,C ALEU,10,3,0,51.855000,-177.616000
TWIN ROCKS (KISKA),,C ALEU,10,2,0,51.920000,177.618000
UGIDAK,,C ALEU,10,3,0,51.583000,-178.509000
ULAK/HASGOX POINT,ULAK,C ALEU,10,3,1,51.308000,-178.991000
ULIAGA,,C ALEU,10,6,0,53.057800,-169.794900
UNALGA+DINKUM ROCKS,,C ALEU,10,3,0,51.561000,-179.069000
YUNASKA,,C ALEU,10,5,1,52.690000,-170.606000
AGATTU/CAPE SABAK,AGATTU,W ALEU,11,1,1,52.375000,173.722000
AGATTU/GILLON POINT,AGATTU,W ALEU,11,1,1,52.402000,173.355000
ALAID,,W ALEU,11,1,0,52.775000,173.858000
ATTU/CAPE WRANGELL,ATTU,W ALEU,11,1,1,52.910000,172.465000
ATTU/CHICHAGOF POINT,ATTU,W ALEU,11,1,0,52.943000,173.265000
ATTU/CHIRIKOF POINT,ATTU,W ALEU,11,1,0,52.829000,173.433000
ATTU/KRESTA POINT,ATTU,W ALEU,11,1,0,53.003000,172.633000
ATTU/MASSACRE BAY,ATTU,W ALEU,11,1,0,52.783000,173.150000
BULDIR/EAST CAPE,BULDIR,W ALEU,11,1,0,52.360000,175.973000
BULDIR/NW ROCKS,BULDIR,W ALEU,11,1,1,52.386000,175.847000
BULDIR/ROOKERY,BULDIR,W ALEU,11,1,1,52.338000,175.901000
DAN'S ROCKS,,W ALEU,11,1,0,52.775000,173.292000
INGENSTREM ROCKS,,W ALEU,11,1,0,52.637000,174.520000
NIZKI,,W ALEU,11,1,0,52.750000,173.983000
SHEMYA,,W ALEU,11,1,0,52.733000,174.145000
CAPE NEWENHAM,,BERING,12,,0,58.650000,-162.175000
HALL,,BERING,12,,0,60.617000,-173.000000
OTTER ISLAND,,BERING,12,,0,57.049000,-170.396000
ROUND (WALRUS IS),,BERING,12,,0,58.600000,-159.967000
ST. GEORGE/DALNOI POINT,,BERING,12,6,0,56.600000,-169.767000
ST. GEORGE/KITOSILOX,,BERING,12,,0,56.598000,-169.476000
ST. GEORGE/SOUTH ROOKERY,,BERING,12,,0,56.558000,-169.667000
ST. LAWRENCE/S. PUNUK,,BERING,12,,0,63.067000,-168.850000
ST. LAWRENCE/SIVUONOK,,BERING,12,,0,63.676900,-171.589900
ST. LAWRENCE/SW CAPE,,BERING,12,,0,63.300000,-171.433000
ST. PAUL/NE POINT,,BERING,12,,0,57.250000,-170.108000
ST. PAUL/SEA LION ROCK,,BERING,12,6,0,57.100000,-170.292000
SUMMIT,,BERING,12,,0,58.826000,-160.184000
THE TWINS,,BERING,12,,0,58.596670,-160.307500
WALRUS,,BERING,12,6,1,57.183000,-169.933000
